Workbook

Sheet Read Me
B2: Placeonix Dashboard — Bug & Defect Register
B3: Exhaustive QA Pass — Student, Trainer/Mentor & Admin Dashboards By Mohan Karthikeya Junnuri
B5: Prepared for: Placeonix
B6: Scope: https://placeonix-dashboard.vercel.app/ — every clickable control across all three roles
B7: Method: Manual button-by-button functional QA pass (live browser testing), form validation testing, cross-screen data consistency checks
B9: How to use this workbook
B10: 1. Bug Tracker — one row per defect. BUG is the unique ID referenced elsewhere in the audit deliverables.
B11: 2. Summary Dashboard — auto-calculated counts by Severity, Bug Type, and Role/Module (formulas update if rows are added to Bug Tracker, provided they stay inside the named table range).
B12: 3. Root Cause Categories — a short glossary of the recurring root-cause patterns found, so similar future bugs can be triaged faster.
B13: 4. Evidence & Logs — column K/L on the Bug Tracker sheet describe what was visually observed on screen and any console/network signal at the time of testing. This build could not capture true DevTools console/network exports for every row; entries are the tester's direct on-screen and browser-state observations. Wire up Sentry/LogRocket or similar to get true stack traces for engineering triage.
B14: 5. Screenshots — this workbook does not have image files embedded because the audit was performed through a remote browser session with no local file-save path for screenshots. The 'Screenshot Evidence' column instead describes precisely what the screen showed, including exact labels/values, so engineering can reproduce and confirm. If you can share a folder, re-run of the pass can save and embed real screenshots per row.
B15: 6. Colors: rows are shaded by Severity (red = Critical, orange = High, yellow = Medium, green = Low) for quick visual triage.
... B21: Low — Cosmetic, minor, or edge-case — backlog

Sheet Bug Tracker
A1: Bug ID | B1: Role/Module | C1: Screen / Page | D1: Bug Type | E1: Severity | F1: Description | G1: Why It Occurred (Root Cause) | H1: Steps to Reproduce | I1: Expected Result | J1: Actual Result | K1: How to Resolve | L1: Screenshot Evidence (described) | M1: Console / Network Log Notes | N1: Status
A2: NA | B2: NA | C2: NA | D2: NA | E2: NA | F2: NA | G2: NA | H2: NA | I2: NA | J2: NA | K2: NA | L2: NA | M2: NA | N2: NA
A3: BUG-02 | B3: Student / Auth | C3: Login → Forgot Password | D3: Security | E3: Critical | F3: Password reset flow does not adequately verify the requester's identity before allowing a reset, exposing a potential account-takeover path. | G3: Reset flow appears to trust the submitted email/OTP step without sufficient server-side verification or rate limiting. | H3: 1. Go to login page. 2. Click Forgot Password. 3. Enter a target email. 4. Proceed through the reset steps. | I3: Reset should require a verified, time-limited, single-use token sent to the account owner, with rate limiting on attempts. | J3: Reset flow completes with minimal friction, raising account-takeover risk. | K3: Add server-side email/OTP verification with expiry, rate-limit reset attempts per account/IP, and log all reset events for audit. | L3: Forgot Password screen and the reset confirmation screen (see original Dashboard Audit Report, Security section). | M3: Not captured — recommend enabling backend auth logs to confirm the exact verification gap. | N3: Open
A4: BUG-03 | B4: Student / Trainer / Admin | C4: Student → My Courses → class recording; Trainer → Resources → Intro Walkthrough (Video); Admin → Resources → Intro Walkthrough (Video) | D4: Functional | E4: Critical | F4: Video playback is broken platform-wide: clicking “View” on any video resource, or a completed class “Recording”, opens a player that spins on an infinite loading indicator and never plays. | G4: Video player component is likely pointed at an invalid/unset video source URL, or the video CDN/embed integration was never wired up to real media. | H4: 1. As Student: My Courses → a completed class → Recording. As Trainer/Admin: Resources → Intro Walkthrough (Video) → View. | I4: Video should load and play within a few seconds, or show a clear error if unavailable. | J4: Player shows a permanent loading spinner in all three roles; video never starts. | K4: Verify the video source URLs / CDN integration; add a timeout with a user-facing error state (“Video unavailable”) instead of an infinite spinner; add monitoring/alerting for broken media. | L4: Video modal centered on screen showing only a spinning loader icon, no controls, no error message, indefinitely. | M4: No visible console error captured during testing; recommend checking Network tab for a stalled/failed media request (pending or 4xx/5xx) the next time this is reproduced. | N4: Open
A5: BUG-04 | B5: Cross-Cutting / UX | C5: Trainer → My Students → + New Assignment; Trainer → Batches → + Create Batch; Trainer → Office Hours → + Schedule Session; Admin → similar '+Add/Create/New' buttons | D5: UI/UX | E5: Medium | F5: Every “+ Add / Create / New” style button across the platform takes roughly 2–3 seconds to open its modal, with zero loading indicator (no spinner, no disabled state, no skeleton). During that window the button looks completely dead. | G5: Modal component and its form state are likely being lazily fetched/mounted client-side with no loading affordance wired to the button's click handler. | H5: 1. Click any '+Add', '+Create', or '+New' button on Trainer or Admin screens. 2. Watch the button and page — nothing visibly happens for 2–3 seconds before the modal appears. | I5: Button should show an immediate loading state (spinner/disabled) so users know the click registered. | J5: Button appears unresponsive for 2–3 seconds before the modal renders, with no visual feedback in between — easily mistaken for a broken/dead button (this tester initially misdiagnosed several as dead before retrying with a longer wait). | K5: Add a loading/disabled state to the button on click, or optimistically render the modal shell while data loads inside it. | L5: Add Mentor modal, Create Batch modal, New Assignment modal, and Schedule Session modal all reproduce an identical multi-second delay with the trigger button showing no visual change. | M5: No console errors; likely a data-fetch or bundle-loading delay — recommend checking Network tab timing on modal-open click. | N5: Open
A6: BUG-05 | B6: Admin → Mentors | C6: Admin → Mentors list | D6: Data Quality | E6: Medium | F6: 50% of records in the Mentors table (4 of 8) are clearly test/dummy entries: “babu B”, “siva test”, “Live Mentor”, “New Mentor”. | G6: Test data created during development/QA was never cleaned out of the production-facing database before this was reviewed. | H6: 1. Log in as Admin. 2. Go to Mentors. | I6: Mentors list should contain only real, active mentor records. | J6: Roughly half the visible mentor list is placeholder/test data mixed in with real mentors. | K6: Run a data-hygiene pass to remove or clearly flag test accounts; add an environment separation (staging vs production data) to prevent recurrence. | L6: Mentors table showing rows for 'babu B', 'siva test', 'Live Mentor', 'New Mentor' interleaved with real-looking mentor names. | M6: N/A — data issue, not a runtime error. | N6: Open
A7: BUG-06 | B7: Admin → Batches | C7: Admin → Batches list | D7: Data Quality | E7: Medium | F7: Batches list includes obviously fake entries: “test” and “Test Batch Z”. | G7: Same root cause as BUG-05 — leftover QA/dev data never purged. | H7: 1. Log in as Admin. 2. Go to Batches. | I7: Batches list should contain only real, currently-running or scheduled batches. | J7: Test batches are visible in the same list as real ones with no way to distinguish them. | K7: Purge or clearly label test/demo batches; consider a soft “is_test” flag hidden from the main production view. | L7: Batches table showing 'test' and 'Test Batch Z' rows alongside legitimate batch names. | M7: N/A — data issue, not a runtime error. | N7: Open
A8: BUG-07 | B8: Admin → Companies | C8: Admin → Companies list | D8: Data Quality | E8: High | F8: 100% of the Companies records (3 of 3) are dummy data: “Avsora Test”, “Infosys 1572”, “test” — and none of them match the real company names that already appear on the Placements screen. | G8: Companies module was seeded with placeholder data during build and was never connected to / reconciled with the real company records used elsewhere in the app (Placements). | H8: 1. Log in as Admin. 2. Go to Companies. 3. Compare names against Admin → Placements. | I8: Companies list should reflect the same real companies referenced in Placements, kept in sync. | J8: Every company record is fake, and the list is fully disconnected from the real company names shown on the Placements page. | K8: Rebuild/reconcile the Companies dataset from the real placement-drive data; add a foreign-key relationship (or shared source of truth) between Companies and Placements so they can't drift apart. | L8: Companies table showing only 'Avsora Test', 'Infosys 1572', 'test' — none matching real company names visible on the Placements page in the same session. | M8: N/A — data issue, not a runtime error. | N8: Open
A9: BUG-08 | B9: Admin → Leads | C9: Admin → Leads list | D9: Data Quality | E9: Medium | F9: Leads list contains at least two dummy entries: “test t” and “a b”. | G9: Same root cause as BUG-05/06 — QA/dev data never purged from production. | H9: 1. Log in as Admin. 2. Go to Leads. | I9: Leads list should contain only real inbound leads. | J9: Placeholder leads are mixed into the real leads pipeline, which also risks polluting conversion/reporting metrics. | K9: Purge test leads; add a data-hygiene checklist before each release to production. | L9: Leads table showing 'test t' and 'a b' as lead names. | M9: N/A — data issue, not a runtime error. | N9: Open
A10: BUG-09 | B10: Admin → Students | C10: Admin → Students list | D10: Data Quality | E10: High | F10: Students table (the platform's core user table) contains multiple clearly fake/test entries: “m r”, “kezia K”, “k K”, “a b”, plus several auto-generated “Final Test1/2/3” accounts with placeholder emails like finalstu_1782410959_3@placeonix.in. | G10: Same recurring root cause — QA/load-test accounts created during development or testing were never cleaned out of the environment being reviewed as production. | H10: 1. Log in as Admin. 2. Go to Students. | I10: Students table should contain only genuine enrolled students. | J10: At least 6 of the visible rows on the first page are test/junk accounts, some suspended, some active — mixed directly into the real roster. | K10: Bulk-delete or archive test accounts; add automated detection (e.g., flag accounts with auto-generated email patterns) before data is treated as production; separate test/staging environment going forward. | L10: Students table rows for 'm r', 'kezia K', 'k K', 'a b', 'Final Test3/2/1' with timestamped placeholder emails, shown in Status column as 'active' or 'suspended'. | M10: N/A — data issue, not a runtime error. | N10: Open
A11: BUG-10 | B11: Admin → Announcements | C11: Admin → Announcements list | D11: Data Quality | E11: High | F11: A live announcement marked “URGENT” is titled “test” with gibberish body text “ntng”, and is currently published/visible. | G11: A test announcement was created during QA and was never deleted or unpublished before the environment was treated as live. | H11: 1. Log in as Admin (or Student/Trainer). 2. Go to Announcements. | I11: Only real, reviewed announcements should ever be in a published/URGENT state. | J11: A meaningless 'URGENT' test announcement is live and visible to end users (students/mentors). | K11: Delete or unpublish the test announcement immediately; add a review/approval step before an announcement can be marked URGENT and published. | L11: Announcements list showing an item titled 'test', tagged URGENT, body text 'ntng'. | M11: N/A — data issue, not a runtime error. | N11: Open
A12: BUG-11 | B12: Admin → Alumni | C12: Admin → Alumni & Success Stories | D12: Data Quality / Content | E12: High | F12: The public-facing “Alumni & Success Stories” section, meant to showcase real placement outcomes, contains exactly one entry — a dummy record named “sid”, role “sap developer @ avsora” (lowercase, unformatted), marked as FEATURED. 'avsora' matches the same dummy company seen in BUG-07. | G12: Placeholder content created during setup was left in place and marked Featured, and the Add Alumni form has no input formatting/validation (e.g. name/role capitalization) to catch obviously malformed entries. | H12: 1. Log in as Admin. 2. Go to Alumni. 3. Observe the single entry and its Featured badge. | I12: Section should showcase multiple real, verified alumni outcomes with properly formatted names/titles, or be hidden until real data exists. | J12: A single fake, badly-formatted, Featured entry is the only content in a section prospective students/leads may see as social proof. | K12: Replace with real alumni records or hide the section until populated; add basic input validation/formatting (proper-case name, real company lookup) to the Add Alumni form; add a review step before marking an entry Featured. | L12: Alumni page showing one card: 'sid FEATURED / sap developer @ avsora / sap • 2026 • ₹4 LPA', all lowercase. | M12: N/A — data/content issue, not a runtime error. | N12: Open
... A28: BUG-27 | B28: Trainer | C28: Trainer → sidebar (My Students, Assignments) | D28: N/A — Correction | E28: N/A | F28: CORRECTION TO EARLIER FINDING: An earlier pass of this audit incorrectly reported the Trainer/Mentor dashboard as missing dedicated Student Management and Assignment Management modules. On re-verification with full sidebar scrolling, both 'My Students' and 'Assignments' exist under the Trainer role and are fully functional (Create/Edit/Delete, View Submissions, grading). | G28: The original miss was tester error — incomplete scrolling of the Trainer sidebar during the first audit pass, not a product defect. | H28: the original miss was tester error -- incomplete scrolling of the trainer sidebar during the first audit pass , not a prodcut defect. | I28: No action needed, this is actually an formal mistake in the fronjted whoch has made an error missing finding the student assignment , from the original BUG , [with more being carried forward] | J28: N/A — feature exists and works as expected. | K28: No action needed. This row exists only to formally retract the earlier 'Critical: Trainer missing Student/Assignment Management' finding from the original Bug Tracker (previously logged as BUG-14) and prevent it from being carried forward. | L28: Trainer sidebar, scrolled fully, showing 'My Students' and 'Assignments' as working nav items with full CRUD. | M28: N/A | N28: Closed — Not a Bug

Sheet Summary Dashboard
B2: Bug Summary Dashboard
B3: Auto-calculated from the Bug Tracker sheet. Update automatically if new rows are added within the tracker's used range.
B5: By Severity | E5: By Role / Module
B6: Severity | C6: Count | E6: Role/Module | F6: Count
B7: Critical | C7: =COUNTIF('Bug Tracker'!$E$2:$E$28,"Critical") -> 3 | E7: Cross-Cutting / Security | F7: =COUNTIF('Bug Tracker'!$B$2:$B$28,"Cross-Cutting / Security") -> 0
B8: High | C8: =COUNTIF('Bug Tracker'!$E$2:$E$28,"High") -> 6 | E8: Student / Auth | F8: =COUNTIF('Bug Tracker'!$B$2:$B$28,"Student / Auth") -> 1
B9: Medium | C9: =COUNTIF('Bug Tracker'!$E$2:$E$28,"Medium") -> 13 | E9: Student / Trainer / Admin | F9: =COUNTIF('Bug Tracker'!$B$2:$B$28,"Student / Trainer / Admin") -> 1
B10: Low | C10: =COUNTIF('Bug Tracker'!$E$2:$E$28,"Low") -> 3 | E10: Cross-Cutting / UX | F10: =COUNTIF('Bug Tracker'!$B$2:$B$28,"Cross-Cutting / UX") -> 1
B11: Total Open Defects | C11: =SUM(C7:C10) -> 25 | E11: Admin → Mentors | F11: =COUNTIF('Bug Tracker'!$B$2:$B$28,"Admin → Mentors") -> 3
E12: Admin → Batches | F12: =COUNTIF('Bug Tracker'!$B$2:$B$28,"Admin → Batches") -> 2
E13: Admin → Companies | F13: =COUNTIF('Bug Tracker'!$B$2:$B$28,"Admin → Companies") -> 1
B14: By Bug Type | E14: Admin → Leads | F14: =COUNTIF('Bug Tracker'!$B$2:$B$28,"Admin → Leads") -> 1
B15: Bug Type | C15: Count | E15: Admin → Students | F15: =COUNTIF('Bug Tracker'!$B$2:$B$28,"Admin → Students") -> 1
B16: Security | C16: =COUNTIF('Bug Tracker'!$D$2:$D$28,"Security") -> 1 | E16: Admin → Announcements | F16: =COUNTIF('Bug Tracker'!$B$2:$B$28,"Admin → Announcements") -> 1
B17: Functional | C17: =COUNTIF('Bug Tracker'!$D$2:$D$28,"Functional") -> 6 | E17: Admin → Alumni | F17: =COUNTIF('Bug Tracker'!$B$2:$B$28,"Admin → Alumni") -> 1
B18: UI/UX | C18: =COUNTIF('Bug Tracker'!$D$2:$D$28,"UI/UX") -> 2 | E18: Student / Admin → Placements | F18: =COUNTIF('Bug Tracker'!$B$2:$B$28,"Student / Admin → Placements") -> 1
B19: Data Quality | C19: =COUNTIF('Bug Tracker'!$D$2:$D$28,"Data Quality") -> 7 | E19: Student → Mock Interviews | F19: =COUNTIF('Bug Tracker'!$B$2:$B$28,"Student → Mock Interviews") -> 1
B20: Data Consistency | C20: =COUNTIF('Bug Tracker'!$D$2:$D$28,"Data Consistency") -> 3 | E20: Admin → Placements | F20: =COUNTIF('Bug Tracker'!$B$2:$B$28,"Admin → Placements") -> 1
B21: Validation | C21: =COUNTIF('Bug Tracker'!$D$2:$D$28,"Validation") -> 2 | E21: Trainer → My Students | F21: =COUNTIF('Bug Tracker'!$B$2:$B$28,"Trainer → My Students") -> 2
B22: Content | C22: =COUNTIF('Bug Tracker'!$D$2:$D$28,"Content") -> 1 | E22: Trainer → Assignments | F22: =COUNTIF('Bug Tracker'!$B$2:$B$28,"Trainer → Assignments") -> 2
B23: Functional / Stability | C23: =COUNTIF('Bug Tracker'!$D$2:$D$28,"Functional / Stability") -> 1 | E23: Student / Admin → Certificates | F23: =COUNTIF('Bug Tracker'!$B$2:$B$28,"Student / Admin → Certificates") -> 1
B24: Functional / Data | C24: =COUNTIF('Bug Tracker'!$D$2:$D$28,"Functional / Data") -> 1 | E24: Admin → Courses | F24: =COUNTIF('Bug Tracker'!$B$2:$B$28,"Admin → Courses") -> 1
B25: N/A — Correction | C25: =COUNTIF('Bug Tracker'!$D$2:$D$28,"N/A — Correction") -> 1 | E25: Cross-Cutting | F25: =COUNTIF('Bug Tracker'!$B$2:$B$28,"Cross-Cutting") -> 1
E26: Admin → Office Hours | F26: =COUNTIF('Bug Tracker'!$B$2:$B$28,"Admin → Office Hours") -> 1
E27: Trainer | F27: =COUNTIF('Bug Tracker'!$B$2:$B$28,"Trainer") -> 1

Sheet Root Cause Categories
B2: Recurring Root-Cause Categories
B3: Grouping the individual bugs by underlying cause makes triage and prevention faster — several defects share one fix.
B5: Category | C5: Pattern | D5: Related Bug IDs
B6: Unclean test/dummy data in production | C6: QA/dev-created test records (mentors, batches, companies, leads, students, announcements, alumni) were never purged before the environment was reviewed as production-ready. | D6: BUG-05, 06, 07, 08, 09, 10, 11, 20
B7: Weak default credentials | C7: Account-creation forms hardcode a shared default password and encourage keeping it, instead of generating unique random passwords. | D7: BUG-01
B8: Missing input validation | C8: Numeric and URL fields lack range/format validation on client and/or server. | D8: BUG-21, BUG-25
B9: Disconnected data sources / stale state | C9: Two UI elements that should show the same number/value pull from different queries or cached state, so they silently disagree. | D9: BUG-16, BUG-17, BUG-19, BUG-23
B10: Missing loading/error states | C10: Async operations (video load, modal open) have no loading or error UI, so slow or failed states look identical to a broken button. | D10: BUG-03, BUG-04
B11: Incomplete feature wiring | C11: UI affordances (links, hover states, buttons) exist visually but were never connected to a real handler or destination. | D11: BUG-12, 13, 14, 26
B12: Content/catalog incompleteness | C12: Marketed content (course modules, alumni stories) exists as a shell record with no real content behind it. | D12: BUG-11, BUG-24
B13: Auth flow hardening gap | C13: Password reset flow lacks sufficiently strong identity verification. | D13: BUG-02
B14: Tester process correction | C14: One earlier finding was a testing miss (incomplete scroll), not a product bug — retracted here for the record. | D14: BUG-27
